City_ID,City,Lat,Lng,Max Temp,Humidity,Cloudiness,Wind Speed,Current Description,Country,Date
0,Livingstone,-17.84,25.85,75.72,30,0,3.29,clear sky,ZM,2020-11-01 20:13:36
1,Cap Malheureux,-19.98,57.61,66.99,69,31,3.0,scattered clouds,MU,2020-11-01 20:13:37
2,Lebu,-37.62,-73.65,57.83,79,7,5.35,clear sky,CL,2020-11-01 20:13:37
3,Butaritari,3.07,172.79,81.79,78,1,10.6,clear sky,KI,2020-11-01 20:13:37
4,Bredasdorp,-34.53,20.04,62.6,93,21,6.93,few clouds,ZA,2020-11-01 20:13:37
5,Kenai,60.55,-151.26,26.01,45,1,18.34,clear sky,US,2020-11-01 20:13:37
6,Vestmannaeyjar,63.44,-20.27,37.4,74,0,16.11,clear sky,IS,2020-11-01 20:13:38
7,Sao Joao Da Barra,-21.64,-41.05,73.4,69,75,23.04,broken clouds,BR,2020-11-01 20:13:38
8,Qaqortoq,60.72,-46.03,26.6,68,0,3.36,light snow,GL,2020-11-01 20:13:38
9,Harper,4.38,-7.72,78.04,87,71,6.08,broken clouds,LR,2020-11-01 20:13:38
10,Iqaluit,63.75,-68.51,10.4,78,40,4.7,scattered clouds,CA,2020-11-01 20:08:44
11,Port Lincoln,-34.73,135.87,62.29,66,65,10.54,broken clouds,AU,2020-11-01 20:13:39
12,Dikson,73.51,80.55,19.63,98,96,9.06,overcast clouds,RU,2020-11-01 20:13:39
13,Toamasina,-18.17,49.38,68.0,88,75,1.12,broken clouds,MG,2020-11-01 20:13:39
14,Kathu,7.92,98.33,77.0,94,75,2.24,broken clouds,TH,2020-11-01 20:13:39
15,Isangel,-19.55,169.27,77.4,77,10,14.88,clear sky,VU,2020-11-01 20:13:40
16,Ushuaia,-54.8,-68.3,57.2,58,75,11.41,light rain,AR,2020-11-01 20:11:21
17,Vaini,-21.2,-175.2,75.2,88,75,8.05,broken clouds,TO,2020-11-01 20:13:40
18,Ilulissat,69.22,-51.1,19.4,62,100,9.17,overcast clouds,GL,2020-11-01 20:13:40
19,Jamestown,42.1,-79.24,41.0,93,90,23.04,moderate rain,US,2020-11-01 20:11:06
20,Pisco,-13.7,-76.22,66.2,77,90,9.17,overcast clouds,PE,2020-11-01 20:10:06
21,Hobart,-42.88,147.33,55.4,87,20,5.82,few clouds,AU,2020-11-01 20:11:11
22,Saint George,37.1,-113.58,69.8,12,1,3.06,clear sky,US,2020-11-01 20:13:00
23,Acapulco,16.86,-99.89,86.72,62,39,7.99,scattered clouds,MX,2020-11-01 20:13:41
24,Maarianhamina,60.1,19.93,48.2,93,90,23.04,overcast clouds,AX,2020-11-01 20:13:41
25,Kiruna,67.86,20.23,37.4,100,100,11.41,light rain,SE,2020-11-01 20:13:42
26,Galveston,29.37,-94.97,75.99,47,1,17.22,clear sky,US,2020-11-01 20:13:42
27,Rocha,-34.48,-54.33,63.19,58,0,7.87,clear sky,UY,2020-11-01 20:13:42
28,Mataura,-46.19,168.86,48.99,87,66,4.0,broken clouds,NZ,2020-11-01 20:13:42
29,Autazes,-3.58,-59.13,90.12,53,83,2.46,broken clouds,BR,2020-11-01 20:13:43
30,Upernavik,72.79,-56.15,16.34,93,96,4.03,overcast clouds,GL,2020-11-01 20:13:44
31,Alofi,-19.06,-169.92,75.2,94,34,10.29,light rain,NU,2020-11-01 20:09:47
32,Clyde River,70.47,-68.59,14.0,78,90,4.7,overcast clouds,CA,2020-11-01 20:13:44
33,Souillac,-20.52,57.52,69.8,64,20,6.93,few clouds,MU,2020-11-01 20:13:45
34,Mar Del Plata,-38.0,-57.56,66.2,59,0,9.17,clear sky,AR,2020-11-01 20:09:12
35,Dingle,11.0,122.67,75.65,88,100,5.5,overcast clouds,PH,2020-11-01 20:13:45
36,Soure,-0.72,-48.52,84.2,70,1,13.4,clear sky,BR,2020-11-01 20:13:45
37,Tasiilaq,65.61,-37.64,28.4,79,92,5.82,overcast clouds,GL,2020-11-01 20:10:27
38,Barrow,71.29,-156.79,28.4,68,90,16.11,overcast clouds,US,2020-11-01 20:10:02
39,Nikolskoye,59.7,30.79,32.0,95,90,6.71,fog,RU,2020-11-01 20:09:56
40,Te Anau,-45.42,167.72,44.67,83,100,2.3,overcast clouds,NZ,2020-11-01 20:13:46
41,Ngama,11.78,17.17,87.75,22,76,9.13,broken clouds,TD,2020-11-01 20:13:46
42,Bengkulu,-3.8,102.27,75.18,87,100,3.85,overcast clouds,ID,2020-11-01 20:10:01
43,Bilibino,68.05,166.44,2.82,83,82,0.76,broken clouds,RU,2020-11-01 20:13:46
44,Taoudenni,22.68,-3.98,83.89,15,100,11.59,overcast clouds,ML,2020-11-01 20:13:47
45,Mayo,38.89,-76.51,59.0,100,75,5.82,broken clouds,US,2020-11-01 20:13:47
46,Bethel,41.37,-73.41,50.0,100,90,12.75,moderate rain,US,2020-11-01 20:13:47
47,Busselton,-33.65,115.33,55.0,82,81,5.79,broken clouds,AU,2020-11-01 20:13:47
48,Namatanai,-3.67,152.43,80.42,80,100,5.03,overcast clouds,PG,2020-11-01 20:13:48
49,Calama,-22.47,-68.93,73.4,12,0,24.16,clear sky,CL,2020-11-01 20:13:48
50,Tsagan Aman,47.56,46.72,46.99,99,0,5.12,clear sky,RU,2020-11-01 20:13:48
51,Tuatapere,-46.13,167.68,48.99,87,16,4.0,few clouds,NZ,2020-11-01 20:13:48
52,Ossora,59.24,163.07,32.29,94,76,3.76,broken clouds,RU,2020-11-01 20:13:48
53,San-Pedro,4.75,-6.64,77.52,90,72,5.3,broken clouds,CI,2020-11-01 20:13:49
54,Tura,25.52,90.22,69.48,96,98,1.99,overcast clouds,IN,2020-11-01 20:13:49
55,Longyearbyen,78.22,15.64,32.0,93,0,20.8,clear sky,SJ,2020-11-01 20:13:49
56,Sorong,-0.88,131.25,81.18,79,100,5.37,light rain,ID,2020-11-01 20:13:49
57,Modasa,23.47,73.3,71.55,25,55,4.43,broken clouds,IN,2020-11-01 20:13:49
58,Punta Arenas,-53.15,-70.92,51.8,76,75,17.22,broken clouds,CL,2020-11-01 20:13:43
59,Rikitea,-23.12,-134.97,74.55,86,77,22.3,light rain,PF,2020-11-01 20:11:34
60,Bluff,-46.6,168.33,48.99,87,100,4.0,overcast clouds,NZ,2020-11-01 20:13:50
61,Avarua,-21.21,-159.78,77.0,83,50,16.11,scattered clouds,CK,2020-11-01 20:13:50
62,Geraldton,-28.77,114.6,55.4,93,40,12.75,scattered clouds,AU,2020-11-01 20:13:51
63,Hamilton,39.18,-84.53,50.0,37,1,20.8,clear sky,US,2020-11-01 20:13:51
64,Kodiak,57.79,-152.41,30.2,54,75,13.87,broken clouds,US,2020-11-01 20:12:52
65,Isiro,2.77,27.62,69.08,97,100,1.97,overcast clouds,CD,2020-11-01 20:13:51
66,Soc Trang,9.6,105.98,78.8,100,40,3.36,moderate rain,VN,2020-11-01 20:13:52
67,Eganville,45.53,-77.1,44.6,81,20,9.17,few clouds,CA,2020-11-01 20:13:52
68,Barreiras,-12.15,-44.99,83.8,60,84,4.5,light rain,BR,2020-11-01 20:13:52
69,Carnarvon,-24.87,113.63,68.0,68,75,17.22,broken clouds,AU,2020-11-01 20:12:53
70,Yellowknife,62.46,-114.35,17.6,85,90,8.05,light snow,CA,2020-11-01 20:09:30
71,Cape Town,-33.93,18.42,68.0,64,0,14.99,clear sky,ZA,2020-11-01 20:13:53
72,Usinsk,65.99,57.53,26.94,98,99,12.19,light snow,RU,2020-11-01 20:13:54
73,East London,-33.02,27.91,66.25,83,81,15.23,light rain,ZA,2020-11-01 20:13:55
74,Atuona,-9.8,-139.03,77.99,78,10,15.39,light rain,PF,2020-11-01 20:13:55
75,Khatanga,71.97,102.5,2.75,92,100,5.3,overcast clouds,RU,2020-11-01 20:09:58
76,Lompoc,34.64,-120.46,82.0,31,1,8.05,clear sky,US,2020-11-01 20:13:55
77,Aklavik,68.22,-135.01,15.8,72,75,4.7,broken clouds,CA,2020-11-01 20:13:55
78,Okhotsk,59.38,143.3,18.66,87,100,16.28,overcast clouds,RU,2020-11-01 20:13:56
79,Lufilufi,-13.87,-171.6,84.2,79,40,18.28,scattered clouds,WS,2020-11-01 20:13:56
80,Cajamarca,-7.16,-78.5,71.6,10,75,8.05,broken clouds,PE,2020-11-01 20:13:56
81,Tuktoyaktuk,69.45,-133.04,8.6,84,90,8.05,light snow,CA,2020-11-01 20:13:56
82,Dapaong,10.86,0.2,82.76,28,0,5.75,clear sky,TG,2020-11-01 20:13:57
83,Poronaysk,49.22,143.12,48.87,93,100,18.16,heavy intensity rain,RU,2020-11-01 20:13:57
84,Mahebourg,-20.41,57.7,69.8,64,20,6.93,few clouds,MU,2020-11-01 20:13:57
85,Keti Bandar,24.14,67.45,79.29,50,0,7.72,clear sky,PK,2020-11-01 20:13:57
86,Daru,-9.08,143.21,80.67,84,99,13.35,overcast clouds,PG,2020-11-01 20:13:57
87,Arraial Do Cabo,-22.97,-42.03,73.4,69,75,12.75,broken clouds,BR,2020-11-01 20:13:58
88,Kapaa,22.08,-159.32,80.01,88,1,0.74,clear sky,US,2020-11-01 20:10:14
89,Port Elizabeth,-33.92,25.57,64.4,82,23,13.87,few clouds,ZA,2020-11-01 20:10:33
90,Hermanus,-34.42,19.23,63.0,82,0,4.0,clear sky,ZA,2020-11-01 20:10:13
91,Faanui,-16.48,-151.75,79.9,80,33,23.73,light rain,PF,2020-11-01 20:13:58
92,Asyut,27.18,31.18,71.6,48,0,10.31,clear sky,EG,2020-11-01 20:13:59
93,Durant,33.99,-96.37,71.6,30,1,11.41,clear sky,US,2020-11-01 20:09:17
94,Zhigansk,66.77,123.37,-3.39,92,82,16.64,broken clouds,RU,2020-11-01 20:12:06
95,Mana,5.66,-53.78,84.43,70,100,13.44,overcast clouds,GF,2020-11-01 20:13:59
96,Qasigiannguit,68.82,-51.19,19.4,62,100,9.17,light snow,GL,2020-11-01 20:13:59
97,Qaanaaq,77.48,-69.36,1.08,74,0,7.56,clear sky,GL,2020-11-01 20:14:00
98,Upata,8.01,-62.4,93.0,54,81,4.74,moderate rain,VE,2020-11-01 20:14:00
99,Constitucion,-35.33,-72.42,59.38,72,62,8.46,broken clouds,CL,2020-11-01 20:14:00
100,Tiarei,-17.53,-149.33,80.6,74,75,12.75,shower rain,PF,2020-11-01 20:14:00
101,Port Alfred,-33.59,26.89,66.11,81,60,21.09,broken clouds,ZA,2020-11-01 20:14:00
102,Half Moon Bay,37.46,-122.43,77.0,68,20,6.93,few clouds,US,2020-11-01 20:13:29
103,Ancona,43.55,13.17,57.2,93,98,4.7,overcast clouds,IT,2020-11-01 20:14:01
104,Rancho Palos Verdes,33.74,-118.39,75.99,64,75,6.93,broken clouds,US,2020-11-01 20:09:19
105,Husavik,66.04,-17.34,37.4,59,90,2.24,overcast clouds,IS,2020-11-01 20:14:01
106,Bilma,18.69,12.92,73.9,23,0,7.05,clear sky,NE,2020-11-01 20:13:08
107,Chimbote,-9.09,-78.58,66.31,70,100,11.68,overcast clouds,PE,2020-11-01 20:14:02
108,Fortuna,40.6,-124.16,66.0,63,20,11.41,few clouds,US,2020-11-01 20:14:02
109,New Norfolk,-42.78,147.06,54.0,80,100,1.92,overcast clouds,AU,2020-11-01 20:10:12
110,Namibe,-15.2,12.15,73.54,70,88,5.17,overcast clouds,AO,2020-11-01 20:14:02
111,Tailai,46.38,123.4,28.63,84,3,10.49,clear sky,CN,2020-11-01 20:14:02
112,Maniitsoq,65.42,-52.9,23.43,96,100,7.78,overcast clouds,GL,2020-11-01 20:14:03
113,Ancud,-41.87,-73.82,68.0,59,19,8.05,smoke,CL,2020-11-01 20:14:03
114,Ust-Nera,64.57,143.2,-14.85,80,45,4.92,scattered clouds,RU,2020-11-01 20:14:03
115,Inhambane,-23.86,35.38,75.2,69,40,2.24,scattered clouds,MZ,2020-11-01 20:14:03
116,Cidreira,-30.18,-50.21,65.98,62,25,9.4,scattered clouds,BR,2020-11-01 20:14:04
117,Thompson,55.74,-97.86,21.2,85,90,11.41,overcast clouds,CA,2020-11-01 20:12:48
118,Kruisfontein,-34.0,24.73,64.99,75,28,4.0,scattered clouds,ZA,2020-11-01 20:14:04
119,Aswan,24.09,32.91,73.92,40,0,9.55,clear sky,EG,2020-11-01 20:14:04
120,Sao Filipe,14.9,-24.5,79.23,77,38,10.49,scattered clouds,CV,2020-11-01 20:14:05
121,Hobyo,5.35,48.53,80.76,76,1,7.63,light rain,SO,2020-11-01 20:14:05
122,Magdalena,14.2,121.43,77.0,94,90,3.36,light rain,PH,2020-11-01 20:14:05
123,Neiafu,-18.65,-173.98,77.0,88,75,10.29,broken clouds,TO,2020-11-01 20:14:05
124,Greenwood,34.17,-82.12,66.99,63,20,16.11,few clouds,US,2020-11-01 20:14:06
125,Hudson Bay,52.85,-102.38,43.68,61,42,14.03,scattered clouds,CA,2020-11-01 20:14:06
126,Pemangkat,1.17,108.97,79.56,82,61,5.32,moderate rain,ID,2020-11-01 20:14:06
127,Albany,42.6,-73.97,48.0,85,100,1.99,moderate rain,US,2020-11-01 20:14:06
128,Yerbogachen,61.28,108.01,5.9,93,0,7.78,clear sky,RU,2020-11-01 20:14:07
129,Naze,28.37,129.48,71.6,94,75,8.05,broken clouds,JP,2020-11-01 20:10:23
130,Grindavik,63.84,-22.43,35.6,93,75,6.93,broken clouds,IS,2020-11-01 20:14:07
131,El Alto,-4.27,-81.21,77.0,65,0,18.34,clear sky,PE,2020-11-01 20:14:07
132,Ekibastuz,51.67,75.37,38.71,68,98,9.64,overcast clouds,KZ,2020-11-01 20:14:08
133,Novoagansk,61.94,76.66,30.0,98,93,13.02,overcast clouds,RU,2020-11-01 20:14:08
134,Puerto Ayora,-0.74,-90.35,78.8,69,40,18.34,scattered clouds,EC,2020-11-01 20:14:08
135,Tiksi,71.69,128.87,-6.52,90,0,6.67,clear sky,RU,2020-11-01 20:14:08
136,Hovd,48.01,91.64,25.92,88,1,1.21,clear sky,MN,2020-11-01 20:14:09
137,Oranjemund,-28.55,16.43,63.63,64,0,10.49,clear sky,NA,2020-11-01 20:14:09
138,Bang Len,14.02,100.17,82.99,94,20,7.63,few clouds,TH,2020-11-01 20:14:09
139,Killybegs,54.63,-8.45,51.8,71,90,18.34,moderate rain,IE,2020-11-01 20:14:10
140,Asau,46.43,26.4,37.0,97,0,5.01,clear sky,RO,2020-11-01 20:14:10
141,Evensk,61.95,159.23,20.55,93,89,5.55,overcast clouds,RU,2020-11-01 20:12:52
142,Norrtalje,59.76,18.7,52.0,90,100,15.99,light rain,SE,2020-11-01 20:14:10
143,Norman Wells,65.28,-126.83,6.8,65,40,9.17,scattered clouds,CA,2020-11-01 20:10:09
144,Henties Bay,-22.12,14.28,55.99,90,80,1.83,broken clouds,NA,2020-11-01 20:10:20
145,Byron Bay,-28.65,153.62,60.8,87,7,8.05,clear sky,AU,2020-11-01 20:14:11
146,Teguldet,57.31,88.17,33.91,91,100,12.75,overcast clouds,RU,2020-11-01 20:14:11
147,Buchanan,5.88,-10.05,78.42,88,78,8.43,broken clouds,LR,2020-11-01 20:14:12
148,Hilo,19.73,-155.09,82.0,83,90,6.93,moderate rain,US,2020-11-01 20:14:12
149,Egvekinot,66.32,-179.17,9.93,90,24,3.24,few clouds,RU,2020-11-01 20:14:12
150,Saldanha,-33.01,17.94,68.0,56,0,5.82,clear sky,ZA,2020-11-01 20:14:12
151,Esperance,-33.87,121.9,62.6,100,90,8.05,light rain,AU,2020-11-01 20:14:13
152,Cabo San Lucas,22.89,-109.91,91.4,17,20,9.17,few clouds,MX,2020-11-01 20:14:13
153,Pevek,69.7,170.31,15.64,90,100,14.29,overcast clouds,RU,2020-11-01 20:12:08
154,Hithadhoo,-0.6,73.08,83.23,73,100,11.05,light rain,MV,2020-11-01 20:10:08
155,Kavieng,-2.57,150.8,82.81,72,14,7.36,few clouds,PG,2020-11-01 20:14:13
156,Rio Grande,-32.03,-52.1,71.6,43,20,11.41,few clouds,BR,2020-11-01 20:14:14
157,Saskylakh,71.92,114.08,-9.26,88,99,10.67,overcast clouds,RU,2020-11-01 20:12:07
158,Marau,-28.45,-52.2,71.4,40,7,8.03,clear sky,BR,2020-11-01 20:14:14
159,Saint Anthony,45.02,-93.22,37.99,34,1,12.75,clear sky,US,2020-11-01 20:10:34
160,Rosoman,41.52,21.95,44.6,87,0,2.24,clear sky,MK,2020-11-01 20:14:15
161,Palmas,-10.21,-48.36,86.0,66,40,5.82,shower rain,BR,2020-11-01 20:14:15
162,Hualmay,-11.1,-77.61,68.34,66,70,9.86,broken clouds,PE,2020-11-01 20:14:15
163,Ngunguru,-35.62,174.5,66.0,88,69,1.01,broken clouds,NZ,2020-11-01 20:14:15
164,Dalbandin,28.89,64.41,52.57,30,0,6.08,clear sky,PK,2020-11-01 20:14:15
165,Mananjary,-21.22,48.33,68.99,72,99,3.49,overcast clouds,MG,2020-11-01 20:14:16
166,Hambantota,6.12,81.12,78.8,100,90,1.12,overcast clouds,LK,2020-11-01 20:14:16
167,Mount Isa,-20.73,139.5,64.4,23,0,1.12,clear sky,AU,2020-11-01 20:11:00
168,Mogadishu,2.04,45.34,79.84,80,100,10.94,light rain,SO,2020-11-01 20:14:16
169,Ushumun,52.78,126.53,17.76,97,100,14.0,light snow,RU,2020-11-01 20:12:06
170,Saint-Francois,46.42,3.91,64.4,68,90,6.93,overcast clouds,FR,2020-11-01 20:14:16
171,Flinders,-34.58,150.86,61.0,85,74,4.0,broken clouds,AU,2020-11-01 20:14:17
172,Pingliang,35.54,106.69,38.41,63,0,3.33,clear sky,CN,2020-11-01 20:14:17
173,Constantine,36.37,6.61,59.0,62,0,1.12,clear sky,DZ,2020-11-01 20:14:17
174,Ribeira Grande,38.52,-28.7,62.6,82,75,8.05,broken clouds,PT,2020-11-01 20:10:06
175,Iralaya,15.0,-83.23,81.68,83,44,13.35,moderate rain,HN,2020-11-01 20:14:17
176,San Cristobal,7.77,-72.22,86.0,58,40,4.7,scattered clouds,VE,2020-11-01 20:09:58
177,Provideniya,64.38,-173.3,15.8,72,0,2.57,clear sky,RU,2020-11-01 20:14:18
178,Nizhniy Odes,63.64,54.86,26.06,97,86,6.8,overcast clouds,RU,2020-11-01 20:14:18
179,Kloulklubed,7.04,134.26,75.2,100,75,4.23,broken clouds,PW,2020-11-01 20:14:18
180,Imbituba,-28.24,-48.67,69.8,52,40,14.99,scattered clouds,BR,2020-11-01 20:10:35
181,Orsha,54.52,30.41,41.58,86,100,7.92,overcast clouds,BY,2020-11-01 20:14:18
182,Abu Samrah,35.3,37.18,61.75,78,29,4.27,scattered clouds,SY,2020-11-01 20:14:19
183,Pocone,-16.26,-56.62,89.49,43,12,6.69,few clouds,BR,2020-11-01 20:09:20
184,Castro,-24.79,-50.01,64.69,62,27,8.52,light rain,BR,2020-11-01 20:10:16
185,Surgut,61.25,73.42,32.0,97,40,13.42,scattered clouds,RU,2020-11-01 20:12:45
186,Brae,60.4,-1.35,50.0,71,20,26.4,few clouds,GB,2020-11-01 20:14:19
187,Nanortalik,60.14,-45.24,30.07,86,0,29.04,clear sky,GL,2020-11-01 20:10:04
188,Hohhot,40.81,111.65,28.4,42,0,4.47,clear sky,CN,2020-11-01 20:14:20
189,Kapoeta,4.77,33.59,82.83,45,9,10.2,clear sky,SS,2020-11-01 20:14:20
190,Guerrero Negro,27.98,-114.06,81.32,36,22,10.51,few clouds,MX,2020-11-01 20:13:42
191,Gloucester,51.87,-2.24,63.0,83,100,26.22,light rain,GB,2020-11-01 20:14:20
192,Vostok,46.49,135.88,29.17,99,89,3.27,overcast clouds,RU,2020-11-01 20:14:21
193,Wadi Musa,30.32,35.48,55.56,83,35,1.05,scattered clouds,JO,2020-11-01 20:14:21
194,Haines Junction,60.75,-137.51,12.2,66,100,3.36,overcast clouds,CA,2020-11-01 20:14:21
195,Sept-Iles,50.2,-66.38,37.4,64,100,4.7,moderate rain,CA,2020-11-01 20:14:22
196,Vardo,70.37,31.11,39.2,86,75,26.4,broken clouds,NO,2020-11-01 20:14:22
197,Broome,42.25,-75.83,48.99,87,90,14.99,moderate rain,US,2020-11-01 20:10:39
198,Airai,-8.93,125.41,60.37,79,98,2.17,overcast clouds,TL,2020-11-01 20:14:23
199,Hurghada,27.26,33.81,74.25,74,0,10.74,clear sky,EG,2020-11-01 20:14:23
200,Opuwo,-18.06,13.84,75.47,29,57,9.4,broken clouds,NA,2020-11-01 20:14:23
201,Ferme-Neuve,46.7,-75.45,41.0,100,100,5.82,moderate rain,CA,2020-11-01 20:14:24
202,Tomatlan,19.93,-105.25,91.09,56,0,7.25,clear sky,MX,2020-11-01 20:14:24
203,Eucaliptus,-17.58,-67.52,65.82,25,42,3.4,scattered clouds,BO,2020-11-01 20:14:24
204,Kingman,35.19,-114.05,86.0,10,1,9.17,clear sky,US,2020-11-01 20:11:59
205,Muisne,0.6,-80.03,82.4,78,40,13.87,scattered clouds,EC,2020-11-01 20:14:24
206,Caravelas,-17.71,-39.25,69.69,92,100,12.57,light rain,BR,2020-11-01 20:10:48
207,Waipawa,-41.41,175.52,59.0,77,100,9.17,overcast clouds,NZ,2020-11-01 20:14:25
208,Mount Gambier,-37.83,140.77,48.2,93,57,6.93,broken clouds,AU,2020-11-01 20:10:59
209,Zhuhai,22.28,113.57,73.4,88,0,4.7,clear sky,CN,2020-11-01 20:14:25
210,Rochester,43.15,-77.62,45.0,75,75,16.11,broken clouds,US,2020-11-01 20:14:26
211,Muros,42.78,-9.06,66.0,91,100,18.99,light rain,ES,2020-11-01 20:14:26
212,Samarai,-10.62,150.67,81.32,83,100,8.12,overcast clouds,PG,2020-11-01 20:10:40
213,Lima,-12.04,-77.03,68.0,68,75,9.17,broken clouds,PE,2020-11-01 20:13:24
214,Kovdor,67.57,30.48,39.11,92,100,11.7,overcast clouds,RU,2020-11-01 20:14:26
215,Areosa,41.72,-8.86,64.99,100,90,10.29,light intensity drizzle,PT,2020-11-01 20:14:27
216,Severo-Kurilsk,50.68,156.12,40.26,76,0,3.91,clear sky,RU,2020-11-01 20:10:24
217,Hervey Bay,-25.3,152.85,71.01,94,0,4.0,clear sky,AU,2020-11-01 20:12:33
218,Racine,42.75,-88.08,39.0,40,1,25.28,clear sky,US,2020-11-01 20:14:27
219,Luderitz,-26.65,15.16,66.81,48,79,12.17,broken clouds,NA,2020-11-01 20:10:25
220,Cherskiy,68.75,161.3,4.33,94,100,5.26,overcast clouds,RU,2020-11-01 20:14:27
221,Goba,7.02,39.98,48.58,87,17,2.08,few clouds,ET,2020-11-01 20:14:28
222,Ramshir,30.89,49.41,71.6,53,0,3.11,clear sky,IR,2020-11-01 20:14:28
223,Ostrovnoy,68.05,39.51,36.48,90,100,19.35,overcast clouds,RU,2020-11-01 20:14:28
224,Vorontsovka,50.61,40.35,50.07,81,70,10.71,broken clouds,RU,2020-11-01 20:14:28
225,Klaksvik,62.23,-6.59,42.8,100,97,2.24,light rain,FO,2020-11-01 20:14:28
226,Bassano,50.78,-112.47,62.6,45,83,3.36,broken clouds,CA,2020-11-01 20:14:29
227,Seguin,29.57,-97.96,82.4,26,1,13.87,clear sky,US,2020-11-01 20:14:24
228,Oudtshoorn,-33.59,22.2,59.0,100,0,2.24,clear sky,ZA,2020-11-01 20:14:29
229,Kavaratti,10.57,72.64,81.88,71,0,4.29,clear sky,IN,2020-11-01 20:10:03
230,Kirovskiy,45.09,133.51,34.84,86,0,5.3,clear sky,RU,2020-11-01 20:14:29
231,Saint-Philippe,-21.36,55.77,68.0,68,75,5.82,broken clouds,RE,2020-11-01 20:14:29
232,Do Gonbadan,30.36,50.8,62.6,27,0,2.28,clear sky,IR,2020-11-01 20:14:30
233,Bathsheba,13.22,-59.52,84.2,74,75,20.8,broken clouds,BB,2020-11-01 20:10:23
234,Chumikan,54.72,135.31,19.65,97,100,8.3,snow,RU,2020-11-01 20:14:30
235,Pangnirtung,66.15,-65.71,17.6,67,75,3.62,shower rain,CA,2020-11-01 20:10:55
236,Taunggyi,20.78,97.03,60.78,100,98,1.41,overcast clouds,MM,2020-11-01 20:14:30
237,Impfondo,1.64,18.07,70.86,98,100,3.36,light rain,CG,2020-11-01 20:14:31
238,Guardiagrele,42.2,14.22,55.99,93,78,3.36,broken clouds,IT,2020-11-01 20:14:31
239,Benghazi,32.12,20.07,70.66,64,0,10.56,clear sky,LY,2020-11-01 20:14:31
240,Santa Fe,-31.63,-60.7,82.99,28,0,1.99,clear sky,AR,2020-11-01 20:14:31
241,Sayville,40.74,-73.08,55.4,87,90,6.93,moderate rain,US,2020-11-01 20:14:31
242,Deputatskiy,69.3,139.9,-14.78,88,92,6.44,overcast clouds,RU,2020-11-01 20:12:07
243,Barabai,-2.58,115.38,73.99,94,100,0.67,moderate rain,ID,2020-11-01 20:14:32
244,Sinazongwe,-17.26,27.46,80.02,46,0,5.82,clear sky,ZM,2020-11-01 20:14:32
245,Chokurdakh,70.63,147.92,0.61,94,100,10.78,light snow,RU,2020-11-01 20:12:53
246,Borogontsy,62.67,131.17,-16.51,88,1,1.03,clear sky,RU,2020-11-01 20:14:32
247,Damavand,35.72,52.06,60.8,29,51,6.93,broken clouds,IR,2020-11-01 20:14:33
248,Ust-Kuyga,70.02,135.6,-15.99,87,99,7.9,overcast clouds,RU,2020-11-01 20:12:06
249,Colesberg,-30.72,25.1,64.0,45,0,7.2,clear sky,ZA,2020-11-01 20:14:33
250,Talaya,61.38,152.75,16.93,92,100,3.87,overcast clouds,RU,2020-11-01 20:14:33
251,Tilichiki,60.47,166.1,24.89,96,36,5.48,scattered clouds,RU,2020-11-01 20:14:33
252,Yar-Sale,66.83,70.83,30.09,98,100,18.43,overcast clouds,RU,2020-11-01 20:14:34
253,Urengoy,65.97,78.37,24.44,97,91,14.7,overcast clouds,RU,2020-11-01 20:14:34
254,Georgetown,5.41,100.34,78.8,88,20,3.36,few clouds,MY,2020-11-01 20:14:34
255,Port Hedland,-20.32,118.57,73.4,83,40,6.93,scattered clouds,AU,2020-11-01 20:14:34
256,Saint-Pierre,-21.34,55.48,68.0,68,75,5.82,broken clouds,RE,2020-11-01 20:14:35
257,Vinzili,56.96,65.77,28.4,86,0,8.95,clear sky,RU,2020-11-01 20:14:35
258,Aranos,-24.13,19.12,73.63,43,46,12.48,scattered clouds,NA,2020-11-01 20:14:35
259,Petropavlovsk-Kamchatskiy,53.05,158.65,30.2,80,12,6.71,few clouds,RU,2020-11-01 20:14:35
260,Bugene,-1.59,31.14,61.47,76,83,2.42,broken clouds,TZ,2020-11-01 20:14:35
261,Chuy,-33.7,-53.46,62.82,54,0,9.28,clear sky,UY,2020-11-01 20:10:31
262,Mmathubudukwane,-24.6,26.43,60.8,100,75,13.87,thunderstorm,BW,2020-11-01 20:14:36
263,Suluq,31.67,20.25,66.92,68,0,8.25,clear sky,LY,2020-11-01 20:14:36
264,Ponta Do Sol,32.67,-17.1,69.8,83,20,4.7,few clouds,PT,2020-11-01 20:12:03
265,Tehachapi,35.13,-118.45,77.0,7,1,16.11,clear sky,US,2020-11-01 20:14:37
266,Linjiang,41.81,126.91,31.35,86,0,3.36,clear sky,CN,2020-11-01 20:14:37
267,Colares,38.8,-9.45,64.99,88,40,3.36,scattered clouds,PT,2020-11-01 20:14:37
268,Barcelos,41.54,-8.62,62.6,100,90,10.29,light intensity drizzle,PT,2020-11-01 20:14:37
269,High Level,58.52,-117.14,35.6,84,75,5.82,shower rain,CA,2020-11-01 20:14:37
270,Olga,43.74,135.29,38.98,74,65,6.69,broken clouds,RU,2020-11-01 20:14:38
271,Arumbavur,11.38,78.73,80.6,83,20,3.36,mist,IN,2020-11-01 20:14:38
272,Aberdeen,57.14,-2.1,50.0,81,75,24.16,broken clouds,GB,2020-11-01 20:14:38
273,Emborion,40.48,21.55,48.2,76,50,3.36,scattered clouds,GR,2020-11-01 20:14:38
274,Ust-Maya,60.42,134.53,-10.84,89,60,4.18,broken clouds,RU,2020-11-01 20:14:39
275,Lethem,3.38,-59.8,92.12,47,58,4.54,broken clouds,GY,2020-11-01 20:14:39
276,Kaitangata,-46.28,169.85,51.01,67,52,13.0,broken clouds,NZ,2020-11-01 20:14:39
277,Nizhnyaya Tavda,57.67,66.17,28.38,97,44,4.63,scattered clouds,RU,2020-11-01 20:14:39
278,Khor,47.89,134.95,33.04,93,7,7.43,clear sky,RU,2020-11-01 20:14:39
279,San Juan,-31.54,-68.54,89.15,12,0,11.07,clear sky,AR,2020-11-01 20:14:40
280,Sarangani,5.4,125.46,82.94,75,100,8.41,overcast clouds,PH,2020-11-01 20:14:40
281,Kalmunai,7.42,81.82,80.62,75,58,5.61,moderate rain,LK,2020-11-01 20:10:09
282,Wewak,-3.55,143.63,79.14,82,96,3.8,light rain,PG,2020-11-01 20:14:40
283,Aginskoye,51.1,114.53,18.28,86,86,9.66,overcast clouds,RU,2020-11-01 20:12:06
284,Landeck,47.13,10.56,53.01,66,75,4.7,broken clouds,AT,2020-11-01 20:14:41
285,Tahe,52.33,124.73,11.59,93,100,12.21,overcast clouds,CN,2020-11-01 20:14:41
286,Puerto Escondido,15.85,-97.07,86.09,57,0,3.91,clear sky,MX,2020-11-01 20:14:41
287,Kostyantynivka,48.53,37.71,55.04,80,96,10.04,light rain,UA,2020-11-01 20:14:42
288,San Onofre,9.74,-75.53,83.55,77,93,8.68,overcast clouds,CO,2020-11-01 20:14:42
289,Sechura,-5.56,-80.82,74.86,55,58,15.55,broken clouds,PE,2020-11-01 20:10:39
290,Darab,28.75,54.54,54.03,42,0,1.88,clear sky,IR,2020-11-01 20:14:43
291,Cayenne,4.93,-52.33,82.4,78,0,5.82,moderate rain,GF,2020-11-01 20:11:33
292,Dunedin,-45.87,170.5,51.01,60,100,21.0,overcast clouds,NZ,2020-11-01 20:14:43
293,Codrington,-38.27,141.97,49.1,81,70,8.55,broken clouds,AU,2020-11-01 20:14:43
294,Maragogi,-9.01,-35.22,78.58,79,74,11.56,broken clouds,BR,2020-11-01 20:14:43
295,Labuhan,-6.88,112.21,77.7,83,69,4.47,heavy intensity rain,ID,2020-11-01 20:14:44
296,Gryazi,52.5,39.94,46.4,100,90,11.18,mist,RU,2020-11-01 20:14:12
297,Port Moresby,-9.44,147.18,77.0,94,40,5.82,scattered clouds,PG,2020-11-01 20:14:44
298,Shimoda,34.67,138.95,53.01,86,38,4.85,scattered clouds,JP,2020-11-01 20:14:44
299,Aktau,43.65,51.2,46.4,39,0,8.95,clear sky,KZ,2020-11-01 20:14:44
300,Araouane,18.9,-3.53,87.57,13,94,5.41,overcast clouds,ML,2020-11-01 20:12:52
301,Grand Forks,47.94,-97.43,37.4,44,40,11.41,scattered clouds,US,2020-11-01 20:14:45
302,Diego De Almagro,-26.37,-70.05,78.69,17,0,15.17,clear sky,CL,2020-11-01 20:14:45
303,Gwanda,-20.93,29.0,68.23,61,99,13.24,overcast clouds,ZW,2020-11-01 20:14:45
304,Tandlianwala,31.03,73.13,63.99,26,0,3.49,clear sky,PK,2020-11-01 20:14:46
305,Soverato,38.69,16.55,64.4,82,51,5.82,broken clouds,IT,2020-11-01 20:14:47
306,Itarema,-2.92,-39.92,82.24,74,0,17.38,clear sky,BR,2020-11-01 20:14:47
307,Hami,42.8,93.45,38.52,60,0,6.6,clear sky,CN,2020-11-01 20:14:47
308,Madimba,-10.4,40.33,73.4,94,40,6.55,scattered clouds,TZ,2020-11-01 20:14:47
309,Sioux Lookout,50.1,-91.92,23.0,53,20,11.41,few clouds,CA,2020-11-01 20:11:12
310,Bambous Virieux,-20.34,57.76,69.8,64,20,6.93,few clouds,MU,2020-11-01 20:14:47
311,Astana,51.18,71.45,28.4,92,0,4.47,clear sky,KZ,2020-11-01 20:12:00
312,Palmeirais,-5.98,-43.06,91.47,43,56,1.23,broken clouds,BR,2020-11-01 20:14:48
313,Pimentel,-6.84,-79.93,71.6,60,0,18.34,clear sky,PE,2020-11-01 20:14:48
314,Balykshi,47.07,51.87,57.2,28,40,13.42,scattered clouds,KZ,2020-11-01 20:14:48
315,Shingu,33.73,135.98,58.37,85,0,5.01,clear sky,JP,2020-11-01 20:14:48
316,Atar,20.52,-13.05,84.99,15,100,8.63,overcast clouds,MR,2020-11-01 20:14:49
317,Korla,41.76,86.15,34.0,61,0,8.99,clear sky,CN,2020-11-01 20:14:49
318,Aki,33.5,133.9,65.35,79,100,3.91,light rain,JP,2020-11-01 20:14:49
319,Buala,-8.14,159.59,82.06,77,99,5.35,light rain,SB,2020-11-01 20:14:49
320,Shenjiamen,29.96,122.3,64.96,84,100,13.44,overcast clouds,CN,2020-11-01 20:14:50
321,Cuamba,-14.8,36.54,73.96,68,66,2.51,broken clouds,MZ,2020-11-01 20:10:40
322,Kaduy,59.2,37.15,23.0,100,0,2.24,clear sky,RU,2020-11-01 20:14:50
323,Bela,25.93,81.98,70.59,33,0,6.89,clear sky,IN,2020-11-01 20:14:50
324,Alyangula,-13.85,136.42,66.2,93,0,3.36,clear sky,AU,2020-11-01 20:14:50
325,Kieta,-6.22,155.63,79.95,73,29,2.01,scattered clouds,PG,2020-11-01 20:14:51
326,Progreso,21.28,-89.67,82.4,74,90,13.87,overcast clouds,MX,2020-11-01 20:14:51
327,Kahului,20.89,-156.47,84.2,62,20,5.82,few clouds,US,2020-11-01 20:10:48
328,North Bend,43.41,-124.22,70.0,67,1,3.36,clear sky,US,2020-11-01 20:13:45
329,San Carlos De Bariloche,-41.15,-71.31,82.4,13,20,6.93,few clouds,AR,2020-11-01 20:14:51
330,Katsuura,35.13,140.3,59.0,72,40,3.36,scattered clouds,JP,2020-11-01 20:12:12
331,Muleba,-1.84,31.65,68.0,82,20,9.17,few clouds,TZ,2020-11-01 20:14:52
332,Houma,29.6,-90.72,73.99,46,1,133.55,clear sky,US,2020-11-01 20:12:09
333,Torbay,47.67,-52.73,41.0,60,75,19.46,broken clouds,CA,2020-11-01 20:14:52
334,Dunmore Town,25.5,-76.65,81.82,79,3,10.98,light rain,BS,2020-11-01 20:14:52
335,Kawalu,-7.38,108.21,70.79,93,40,2.33,scattered clouds,ID,2020-11-01 20:14:53
336,Sola,-13.88,167.55,80.82,81,14,17.94,few clouds,VU,2020-11-01 20:14:53
337,Antalaha,-14.9,50.28,67.96,75,22,8.21,few clouds,MG,2020-11-01 20:14:53
338,Avanigadda,16.02,80.92,75.13,82,66,2.66,broken clouds,IN,2020-11-01 20:14:53
339,Bonfim,3.08,-59.95,93.31,43,59,6.26,heavy intensity rain,BR,2020-11-01 20:14:53
340,Kazachinskoye,57.7,93.28,34.38,89,100,7.29,overcast clouds,RU,2020-11-01 20:14:54
341,Nador,35.17,-2.93,64.4,88,75,3.29,broken clouds,MA,2020-11-01 20:14:54
342,Hasaki,35.73,140.83,53.6,100,20,3.36,fog,JP,2020-11-01 20:14:54
343,Haicheng,40.85,122.75,35.85,64,0,4.14,clear sky,CN,2020-11-01 20:14:54
344,Lavrentiya,65.58,-171.0,21.83,88,0,3.78,clear sky,RU,2020-11-01 20:14:54
345,Fare,-16.7,-151.02,80.76,77,46,22.68,scattered clouds,PF,2020-11-01 20:14:55
346,Avera,33.19,-82.53,71.6,64,40,8.05,scattered clouds,US,2020-11-01 20:14:55
347,Maumere,-8.62,122.21,79.7,78,100,5.17,overcast clouds,ID,2020-11-01 20:14:55
348,Conceicao Do Araguaia,-8.26,-49.26,86.76,56,100,3.42,overcast clouds,BR,2020-11-01 20:11:39
349,Tynda,55.17,124.72,5.72,87,100,9.73,overcast clouds,RU,2020-11-01 20:14:55
350,Dali,25.7,100.18,58.44,87,87,2.53,overcast clouds,CN,2020-11-01 20:14:56
351,Ahipara,-35.17,173.17,66.07,81,100,6.2,overcast clouds,NZ,2020-11-01 20:14:56
352,Hay River,60.82,-115.8,19.4,92,100,16.11,overcast clouds,CA,2020-11-01 20:14:56
353,Marsabit,2.33,37.99,69.55,68,56,16.44,broken clouds,KE,2020-11-01 20:10:43
354,Grand Gaube,-20.01,57.66,66.99,69,40,3.0,scattered clouds,MU,2020-11-01 20:14:56
355,Havoysund,71.0,24.66,41.0,75,40,18.34,scattered clouds,NO,2020-11-01 20:10:38
356,Paamiut,61.99,-49.67,28.0,94,95,4.43,overcast clouds,GL,2020-11-01 20:14:57
357,Katiola,8.13,-5.1,82.4,69,20,2.24,few clouds,CI,2020-11-01 20:14:57
358,Marsh Harbour,26.54,-77.06,81.18,79,6,11.18,clear sky,BS,2020-11-01 20:14:57
359,Palana,59.12,159.97,29.79,93,97,6.6,overcast clouds,RU,2020-11-01 20:09:59
360,Kulhudhuffushi,6.62,73.07,82.44,69,42,5.39,scattered clouds,MV,2020-11-01 20:14:57
361,Manjacaze,-24.71,33.88,68.29,85,99,4.29,overcast clouds,MZ,2020-11-01 20:14:58
362,Halmstad,56.67,12.86,54.0,81,90,17.22,overcast clouds,SE,2020-11-01 20:14:58
363,Plover,44.46,-89.54,36.0,72,40,14.99,scattered clouds,US,2020-11-01 20:14:58
364,Hukuntsi,-24.0,21.75,78.03,36,100,5.41,overcast clouds,BW,2020-11-01 20:14:58
365,Lembang,-6.81,107.62,61.74,100,87,2.64,overcast clouds,ID,2020-11-01 20:12:35
366,Bozdar,27.18,68.64,68.0,72,0,5.01,haze,PK,2020-11-01 20:14:59
367,Massena,44.93,-74.89,48.0,87,90,11.41,overcast clouds,US,2020-11-01 20:10:01
368,Udachnyy,66.42,112.4,3.2,84,0,6.71,clear sky,RU,2020-11-01 20:14:59
369,Barvinkove,48.91,37.02,53.8,89,100,15.37,light rain,UA,2020-11-01 20:15:00
370,Neryungri,56.67,124.65,-3.46,88,100,13.06,overcast clouds,RU,2020-11-01 20:15:00
371,Waling,27.98,83.77,63.5,77,8,3.44,clear sky,NP,2020-11-01 20:15:00
372,Tadine,-21.55,167.88,76.46,78,7,14.72,clear sky,NC,2020-11-01 20:15:00
373,Victoria,22.29,114.16,75.0,73,100,1.01,overcast clouds,HK,2020-11-01 20:10:32
374,Leningradskiy,69.38,178.42,14.13,81,91,5.75,overcast clouds,RU,2020-11-01 20:15:01
375,College,64.86,-147.8,1.0,76,20,4.7,few clouds,US,2020-11-01 20:15:01
376,Chapais,49.78,-74.85,32.0,99,90,11.41,light snow,CA,2020-11-01 20:11:29
377,Adrar,20.5,-10.07,82.47,15,100,9.71,overcast clouds,MR,2020-11-01 20:15:01
378,Vanavara,60.34,102.28,12.47,91,100,9.4,overcast clouds,RU,2020-11-01 20:15:02
379,Los Llanos De Aridane,28.66,-17.92,77.0,25,0,6.93,clear sky,ES,2020-11-01 20:15:02
380,Bagotville,-28.98,153.42,60.8,93,0,4.7,clear sky,AU,2020-11-01 20:15:02
381,Wattegama,6.8,81.48,78.8,100,90,1.12,overcast clouds,LK,2020-11-01 20:15:02
382,Arlit,18.74,7.39,78.94,20,100,19.3,overcast clouds,NE,2020-11-01 20:15:03
383,Kaputa,-8.47,29.66,73.9,62,54,3.94,broken clouds,ZM,2020-11-01 20:15:03
384,Riyadh,24.69,46.72,69.8,35,0,3.36,clear sky,SA,2020-11-01 20:12:11
385,Puksoozero,62.59,40.61,26.96,97,40,6.08,scattered clouds,RU,2020-11-01 20:15:03
386,Plettenberg Bay,-34.05,23.37,63.23,86,0,9.31,clear sky,ZA,2020-11-01 20:15:04
387,San Vicente,-26.62,-54.13,75.45,40,85,4.0,overcast clouds,AR,2020-11-01 20:15:04
388,Zilair,52.23,57.44,37.85,92,2,10.31,clear sky,RU,2020-11-01 20:15:04
389,Gravata,-8.2,-35.56,76.66,75,99,11.41,overcast clouds,BR,2020-11-01 20:15:04
390,Herat,34.5,62.0,44.98,58,0,2.08,clear sky,AF,2020-11-01 20:15:05
391,Blagoveshchenka,52.83,79.87,36.45,81,92,11.88,overcast clouds,RU,2020-11-01 20:15:05
392,Chippewa Falls,44.94,-91.39,37.99,37,1,19.46,clear sky,US,2020-11-01 20:15:06
393,Susanville,40.42,-120.65,64.4,22,1,3.27,clear sky,US,2020-11-01 20:15:06
394,Boende,-0.22,20.87,71.58,96,88,1.86,light rain,CD,2020-11-01 20:15:06
395,Nantucket,41.28,-70.1,59.0,93,20,8.05,few clouds,US,2020-11-01 20:15:06
396,Itoman,26.12,127.67,71.6,83,20,2.24,few clouds,JP,2020-11-01 20:15:07
397,Koppies,-27.24,27.57,55.2,91,100,3.15,overcast clouds,ZA,2020-11-01 20:15:07
398,Saint-Augustin,51.23,-58.65,37.11,76,100,21.27,overcast clouds,CA,2020-11-01 20:15:07
399,Narva,59.38,28.19,37.53,91,2,7.92,clear sky,EE,2020-11-01 20:15:08
400,Mozarlandia,-14.74,-50.57,86.41,52,30,3.76,scattered clouds,BR,2020-11-01 20:15:08
401,Bone,51.97,12.14,59.0,89,100,3.0,overcast clouds,DE,2020-11-01 20:15:08
402,Vao,-22.67,167.48,74.23,84,100,17.43,overcast clouds,NC,2020-11-01 20:15:09
403,Veraval,20.9,70.37,79.34,48,59,11.83,broken clouds,IN,2020-11-01 20:15:09
404,Narsaq,60.92,-46.05,26.6,68,0,3.36,light snow,GL,2020-11-01 20:15:10
405,Krasnyy Chikoy,50.36,108.75,8.94,90,45,3.13,scattered clouds,RU,2020-11-01 20:15:10
406,Vizinga,61.07,50.1,27.61,97,0,3.71,clear sky,RU,2020-11-01 20:15:10
407,Mayna,54.11,47.62,37.04,96,100,8.48,moderate rain,RU,2020-11-01 20:15:11
408,Come,6.41,1.88,79.11,88,82,8.75,broken clouds,BJ,2020-11-01 20:15:11
409,Garoua,9.3,13.4,86.0,33,0,6.93,clear sky,CM,2020-11-01 20:15:12
410,Qandala,11.47,49.87,79.03,63,2,5.3,clear sky,SO,2020-11-01 20:15:12
411,Srednekolymsk,67.45,153.68,-4.32,91,94,7.81,overcast clouds,RU,2020-11-01 20:15:12
412,Luganville,-15.53,167.17,78.8,83,75,12.06,broken clouds,VU,2020-11-01 20:15:13
413,Raton,36.9,-104.44,64.4,22,1,8.05,clear sky,US,2020-11-01 20:11:35
414,Doha,25.29,51.53,80.6,57,0,4.7,clear sky,QA,2020-11-01 20:12:33
415,Polonnaruwa,7.93,81.0,77.4,80,67,2.04,light rain,LK,2020-11-01 20:15:13
416,San Juan Bautista,-14.01,-75.74,66.2,77,90,9.17,overcast clouds,PE,2020-11-01 20:15:14
417,Itaobim,-16.57,-41.83,68.09,92,100,3.56,light rain,BR,2020-11-01 20:15:14
418,Lewisburg,35.45,-86.79,62.6,39,1,13.87,clear sky,US,2020-11-01 20:15:15
419,Kozhva,65.11,57.05,26.47,97,95,6.89,overcast clouds,RU,2020-11-01 20:15:15
420,Nagornyy,52.8,83.55,33.8,86,20,8.95,few clouds,RU,2020-11-01 20:15:15
421,Vryburg,-26.96,24.73,61.77,79,0,7.54,clear sky,ZA,2020-11-01 20:15:16
422,La Sarre,48.8,-79.2,36.0,98,100,8.03,light rain,CA,2020-11-01 20:15:16
423,Urazovka,55.4,45.62,38.59,87,100,10.47,overcast clouds,RU,2020-11-01 20:15:16
424,San Patricio,28.02,-97.52,82.99,39,20,16.11,few clouds,US,2020-11-01 20:15:16
425,Baijiantan,45.63,85.18,36.61,76,62,3.0,broken clouds,CN,2020-11-01 20:15:16
426,Matara,5.95,80.54,76.89,85,4,6.31,clear sky,LK,2020-11-01 20:15:17
427,Ugoofaaru,5.67,73.0,82.31,72,28,6.33,scattered clouds,MV,2020-11-01 20:15:17
428,Chulman,56.85,124.91,-3.23,88,100,12.66,overcast clouds,RU,2020-11-01 20:15:17
429,Catalina,32.51,-110.92,91.0,17,44,9.19,scattered clouds,US,2020-11-01 20:15:17
430,Illapel,-31.63,-71.17,75.56,30,0,8.21,clear sky,CL,2020-11-01 20:15:18
431,Karanja,20.48,77.48,69.71,60,0,2.62,clear sky,IN,2020-11-01 20:15:18
432,Todos Santos,23.45,-110.22,82.0,67,0,5.01,clear sky,MX,2020-11-01 20:15:19
433,Kolo,52.2,18.64,50.0,96,98,1.01,overcast clouds,PL,2020-11-01 20:15:19
434,Ponta Delgada,37.73,-25.67,69.8,94,75,12.75,broken clouds,PT,2020-11-01 20:15:19
435,Salinas,36.68,-121.66,80.6,19,1,11.41,clear sky,US,2020-11-01 20:14:42
436,Sitka,57.05,-135.33,44.6,93,90,7.92,moderate rain,US,2020-11-01 20:15:19
437,Sabang,5.89,95.32,81.59,78,85,13.82,overcast clouds,ID,2020-11-01 20:15:20
438,Ovalle,-30.6,-71.2,78.78,26,0,8.72,clear sky,CL,2020-11-01 20:15:20
439,Lanzhou,36.06,103.79,43.0,42,0,1.99,clear sky,CN,2020-11-01 20:15:20
440,Paciran,-6.88,112.38,77.43,84,58,5.28,moderate rain,ID,2020-11-01 20:15:21
441,Burgos,42.34,-3.71,53.6,93,0,8.05,clear sky,ES,2020-11-01 20:15:21
442,Wajima,37.4,136.9,62.89,81,100,20.0,light rain,JP,2020-11-01 20:11:05
443,Santo Antonio,-6.31,-35.48,84.2,74,40,13.87,scattered clouds,BR,2020-11-01 20:15:15
444,Takanabe,32.13,131.5,65.88,86,85,3.53,light rain,JP,2020-11-01 20:15:22
445,Buraydah,26.33,43.98,71.6,35,0,6.93,clear sky,SA,2020-11-01 20:10:55
446,Ongandjera,-17.88,15.07,85.03,24,31,12.64,scattered clouds,NA,2020-11-01 20:15:22
447,Qeshm,26.96,56.27,75.2,68,0,9.17,clear sky,IR,2020-11-01 20:15:23
448,Karratha,-20.74,116.85,73.56,70,100,12.15,overcast clouds,AU,2020-11-01 20:10:57
449,Choix,26.71,-108.32,100.62,11,95,2.64,overcast clouds,MX,2020-11-01 20:15:23
450,Port Hueneme,34.15,-119.2,75.2,88,1,4.7,clear sky,US,2020-11-01 20:15:23
451,Saravan,39.72,45.65,53.6,37,40,9.17,scattered clouds,AM,2020-11-01 20:15:23
452,Markova,48.68,24.41,37.98,84,0,3.78,clear sky,UA,2020-11-01 20:11:14
453,Naron,43.52,-8.15,69.01,77,98,1.99,overcast clouds,ES,2020-11-01 20:15:24
454,San Rafael,-34.62,-68.33,85.23,14,0,15.75,clear sky,AR,2020-11-01 20:11:36
455,Kapit,2.02,112.93,74.46,93,100,0.78,overcast clouds,MY,2020-11-01 20:15:25
456,Taltal,-25.4,-70.48,65.01,57,23,8.1,few clouds,CL,2020-11-01 20:15:25
457,Bintulu,3.17,113.03,75.2,94,20,5.82,few clouds,MY,2020-11-01 20:15:25
458,Divnomorskoye,44.5,38.14,59.11,70,74,20.54,light rain,RU,2020-11-01 20:15:25
459,Olafsvik,64.89,-23.71,37.09,79,83,14.52,broken clouds,IS,2020-11-01 20:15:26
460,Xanlar,40.59,46.32,55.4,76,40,4.7,scattered clouds,AZ,2020-11-01 20:15:26
461,Aripuana,-9.17,-60.63,75.58,93,100,1.14,overcast clouds,BR,2020-11-01 20:15:26
462,Bet Shemesh,31.75,34.99,75.0,91,100,1.77,overcast clouds,IL,2020-11-01 20:15:26
463,Port Hardy,50.7,-127.42,51.8,76,75,9.17,broken clouds,CA,2020-11-01 20:15:27
464,Beloha,-25.17,45.05,66.83,80,1,13.85,clear sky,MG,2020-11-01 20:15:27
465,Mersing,2.43,103.84,73.4,100,99,2.24,overcast clouds,MY,2020-11-01 20:14:40
466,Sakakah,29.97,40.21,75.2,22,0,4.7,clear sky,SA,2020-11-01 20:15:27
467,Pozo Colorado,-23.49,-58.8,87.58,25,0,6.38,clear sky,PY,2020-11-01 20:15:27
468,Atambua,-9.11,124.89,74.55,78,97,3.09,overcast clouds,ID,2020-11-01 20:15:28
469,Gat,31.61,34.76,75.0,91,100,3.69,overcast clouds,IL,2020-11-01 20:12:04
470,Omboue,-1.57,9.26,74.97,93,99,2.68,overcast clouds,GA,2020-11-01 20:15:28
471,Margate,51.38,1.39,62.01,94,100,5.99,light rain,GB,2020-11-01 20:10:51
472,Necochea,-38.55,-58.74,68.61,53,59,10.83,broken clouds,AR,2020-11-01 20:15:29
473,Lasa,46.62,10.7,50.0,66,75,4.7,broken clouds,IT,2020-11-01 20:15:29
474,Repalle,16.02,80.85,74.84,81,49,3.0,scattered clouds,IN,2020-11-01 20:15:29
475,Laguna,38.42,-121.42,78.01,27,1,5.82,clear sky,US,2020-11-01 20:14:32
476,Lorengau,-2.02,147.27,82.71,74,15,6.33,few clouds,PG,2020-11-01 20:15:29
477,Tual,-5.67,132.75,83.7,71,100,15.23,overcast clouds,ID,2020-11-01 20:15:30
478,Xinyang,32.12,114.07,57.13,44,48,2.46,scattered clouds,CN,2020-11-01 20:15:30
479,Mecca,21.43,39.83,80.6,58,0,4.52,clear sky,SA,2020-11-01 20:12:24
480,Mujiayingzi,42.12,118.78,29.46,75,0,9.26,clear sky,CN,2020-11-01 20:15:31
481,Luangwa,-15.62,30.42,81.28,48,20,8.37,few clouds,ZM,2020-11-01 20:15:31
482,Rawson,-43.3,-65.1,88.21,13,0,11.1,clear sky,AR,2020-11-01 20:15:31
483,Urumqi,43.8,87.6,37.4,59,0,4.47,clear sky,CN,2020-11-01 20:15:32
484,Cockburn Town,21.46,-71.14,86.0,62,75,13.87,broken clouds,TC,2020-11-01 20:15:32
485,Sanmenxia,34.77,111.18,49.33,47,0,4.18,clear sky,CN,2020-11-01 20:15:32
486,Yulin,22.63,110.15,72.25,80,62,2.93,broken clouds,CN,2020-11-01 20:11:18
487,Dhidhdhoo,6.88,73.1,82.56,69,24,4.99,few clouds,MV,2020-11-01 20:15:32
488,Narasannapeta,18.42,84.05,76.42,82,28,6.4,scattered clouds,IN,2020-11-01 20:15:33
489,Belokurikha,52.0,84.99,32.49,90,0,4.72,clear sky,RU,2020-11-01 20:15:33
490,Pangody,65.85,74.49,29.77,97,90,19.91,overcast clouds,RU,2020-11-01 20:15:33
491,Lodja,-3.48,23.43,70.65,92,69,2.01,broken clouds,CD,2020-11-01 20:15:33
492,Hofn,64.25,-15.21,39.33,69,0,12.91,clear sky,IS,2020-11-01 20:15:33
493,Banda Aceh,5.56,95.32,79.23,79,100,8.86,light rain,ID,2020-11-01 20:15:34
494,Lagoa,39.05,-27.98,64.6,78,100,20.02,light rain,PT,2020-11-01 20:15:34
495,Coihaique,-45.58,-72.07,78.8,21,0,8.05,clear sky,CL,2020-11-01 20:15:34
496,Meadow Lake,34.8,-106.54,64.99,33,75,6.93,broken clouds,US,2020-11-01 20:15:06
497,Pinotepa Nacional,16.32,-98.02,89.01,53,0,6.76,clear sky,MX,2020-11-01 20:15:34
498,Svetlogorsk,52.63,29.73,44.01,85,100,7.67,overcast clouds,BY,2020-11-01 20:15:35
499,Ola,59.58,151.28,29.62,93,100,8.19,overcast clouds,RU,2020-11-01 20:15:35
500,Komsomolskiy,40.43,71.72,48.2,34,100,6.93,mist,UZ,2020-11-01 20:15:35
501,Bonavista,48.65,-53.11,39.0,64,7,5.82,clear sky,CA,2020-11-01 20:15:35
502,Bara,10.37,10.73,80.17,29,53,6.4,broken clouds,NG,2020-11-01 20:15:36
503,Srivardhan,18.03,73.02,79.25,67,75,4.47,broken clouds,IN,2020-11-01 20:15:36
504,Krasnoselkup,65.7,82.47,25.86,97,100,16.98,light snow,RU,2020-11-01 20:10:46
505,Quatre Cocos,-20.21,57.76,69.8,64,20,6.93,few clouds,MU,2020-11-01 20:15:36
506,Novyy Urengoy,66.08,76.63,28.11,98,84,18.79,broken clouds,RU,2020-11-01 20:15:37
507,Vanimo,-2.67,141.3,78.71,81,99,4.74,heavy intensity rain,PG,2020-11-01 20:15:37
508,Fairbanks,64.84,-147.72,1.0,76,75,4.7,broken clouds,US,2020-11-01 20:14:17
509,Maldonado,-34.67,-54.92,66.0,77,20,13.87,few clouds,UY,2020-11-01 20:15:37
510,Melo,-32.37,-54.18,67.14,59,0,7.63,clear sky,UY,2020-11-01 20:15:37
511,Rondonopolis,-16.47,-54.64,85.68,54,64,6.58,broken clouds,BR,2020-11-01 20:10:41
512,Lipin Bor,60.26,37.98,30.16,97,21,4.34,few clouds,RU,2020-11-01 20:15:38
513,Flin Flon,54.77,-101.86,33.8,74,75,6.93,broken clouds,CA,2020-11-01 20:15:38
514,Grand-Santi,4.25,-54.38,93.88,42,80,3.38,broken clouds,GF,2020-11-01 20:15:39
515,Krasnaya Gora,53.0,31.6,42.8,100,90,8.95,overcast clouds,RU,2020-11-01 20:15:39
516,Muravlenko,63.79,74.52,24.58,98,79,17.72,broken clouds,RU,2020-11-01 20:15:39
517,Vila Velha,-20.33,-40.29,75.2,73,75,12.75,broken clouds,BR,2020-11-01 20:15:39
518,Ladario,-19.0,-57.6,91.4,38,0,9.17,clear sky,BR,2020-11-01 20:12:15
519,Morden,49.19,-98.1,37.4,47,0,10.29,clear sky,CA,2020-11-01 20:15:41
520,Faya,18.39,42.45,64.4,82,0,3.33,clear sky,SA,2020-11-01 20:15:41
521,Evanston,42.04,-87.69,42.01,35,40,18.34,scattered clouds,US,2020-11-01 20:15:00
522,Vila,42.03,-8.16,61.0,94,100,7.0,overcast clouds,PT,2020-11-01 20:11:11
523,Puerto Leguizamo,-0.19,-74.78,80.8,83,94,2.42,light rain,CO,2020-11-01 20:15:42
524,Mareeba,-17.0,145.43,69.8,77,75,11.41,broken clouds,AU,2020-11-01 20:15:42
525,Mehamn,71.04,27.85,37.4,86,0,18.34,clear sky,NO,2020-11-01 20:15:42
526,Xining,36.62,101.77,30.85,81,18,1.83,few clouds,CN,2020-11-01 20:15:42
527,Weligama,5.97,80.42,77.29,84,5,6.04,clear sky,LK,2020-11-01 20:10:52
528,Kokkola,63.84,23.13,46.4,81,75,13.87,broken clouds,FI,2020-11-01 20:15:43
529,Portland,45.52,-122.68,64.0,47,0,1.01,clear sky,US,2020-11-01 20:11:46
530,Nova Olimpia,-14.8,-57.29,86.52,50,96,4.18,overcast clouds,BR,2020-11-01 20:15:43
531,Youhao,47.87,128.83,29.16,95,99,7.74,overcast clouds,CN,2020-11-01 20:15:44
532,Qazigund,33.63,75.15,47.7,49,0,1.03,clear sky,IN,2020-11-01 20:15:44
533,Kalakamati,-20.59,27.31,71.6,60,40,10.29,scattered clouds,BW,2020-11-01 20:15:44
534,Heihe,50.24,127.49,23.0,85,75,8.95,shower snow,CN,2020-11-01 20:15:44
535,Khon Buri,14.53,102.25,75.0,99,84,4.12,light rain,TH,2020-11-01 20:15:45
536,San Luis,-33.3,-66.34,82.51,16,5,3.67,clear sky,AR,2020-11-01 20:12:38
537,Tateyama,34.98,139.87,59.0,72,40,3.36,scattered clouds,JP,2020-11-01 20:15:45
538,Plovdiv,42.15,24.75,46.4,51,0,4.7,clear sky,BG,2020-11-01 20:15:45
539,Palmas De Monte Alto,-14.27,-43.16,84.9,46,100,5.84,overcast clouds,BR,2020-11-01 20:15:46
540,Baraki Barak,33.97,68.95,38.62,50,0,1.3,clear sky,AF,2020-11-01 20:11:06
541,La Ronge,55.1,-105.28,41.0,86,100,5.82,overcast clouds,CA,2020-11-01 20:15:46
542,Kulob,37.91,69.78,50.0,31,79,11.18,broken clouds,TJ,2020-11-01 20:15:46
543,Belawan,3.78,98.68,76.06,85,100,4.94,light rain,ID,2020-11-01 20:15:47
544,Boa Vista,2.82,-60.67,82.4,69,75,17.22,shower rain,BR,2020-11-01 20:15:47
545,Kudahuvadhoo,2.67,72.89,82.63,73,74,7.58,broken clouds,MV,2020-11-01 20:15:47
546,Aksarayskiy,46.79,48.01,48.2,61,0,6.71,clear sky,RU,2020-11-01 20:15:48
547,Honiara,-9.43,159.95,73.4,100,20,3.36,few clouds,SB,2020-11-01 20:15:48
548,Umm Lajj,25.02,37.27,80.28,61,64,5.93,broken clouds,SA,2020-11-01 20:15:48
549,Idenao,4.25,9.0,77.0,100,20,2.24,few clouds,CM,2020-11-01 20:15:49
550,Uyemskiy,64.47,40.85,30.2,92,90,4.47,light snow,RU,2020-11-01 20:15:49
551,Iguape,-24.71,-47.56,69.58,61,30,10.25,scattered clouds,BR,2020-11-01 20:15:49
552,El Fuerte,26.42,-108.62,97.7,13,75,2.15,broken clouds,MX,2020-11-01 20:15:50
553,Kolomak,49.84,35.3,47.88,84,71,7.49,broken clouds,UA,2020-11-01 20:15:50
554,Penzance,50.12,-5.54,59.0,100,100,32.21,overcast clouds,GB,2020-11-01 20:15:50
555,Kapuskasing,49.42,-82.43,28.4,92,100,23.04,light rain,CA,2020-11-01 20:15:50
556,San Borja,-14.82,-66.85,94.39,23,0,4.12,clear sky,BO,2020-11-01 20:15:51
557,Frekhaug,60.51,5.24,50.0,88,100,8.99,light rain,NO,2020-11-01 20:15:51
558,Tabanan,-8.54,115.13,74.55,90,68,4.07,light rain,ID,2020-11-01 20:15:51
559,Finschhafen,-6.6,147.87,79.7,76,0,6.89,clear sky,PG,2020-11-01 20:15:51
560,Cambrils,41.07,1.05,64.0,100,20,2.24,few clouds,ES,2020-11-01 20:15:52
561,Carutapera,-1.2,-46.02,82.94,69,0,8.25,clear sky,BR,2020-11-01 20:15:52
562,Jerome,42.72,-114.52,70.0,25,1,13.87,clear sky,US,2020-11-01 20:15:52
563,Camana,-16.62,-72.71,69.46,65,52,6.42,broken clouds,PE,2020-11-01 20:15:52
564,Tigil,57.8,158.67,31.84,93,100,6.67,overcast clouds,RU,2020-11-01 20:15:53
565,Moindou,-21.69,165.68,78.8,57,0,2.24,clear sky,NC,2020-11-01 20:15:53
566,Derzhavinsk,51.1,66.32,37.87,76,100,2.1,overcast clouds,KZ,2020-11-01 20:15:54
567,Salalah,17.02,54.09,78.8,69,0,4.7,clear sky,OM,2020-11-01 20:15:54
568,Nemuro,43.32,145.57,57.0,81,100,21.85,moderate rain,JP,2020-11-01 20:14:08
569,Grenaa,56.42,10.88,53.6,93,100,11.41,light rain,DK,2020-11-01 20:12:49
570,Wanning,18.8,110.4,70.23,90,100,7.43,overcast clouds,CN,2020-11-01 20:15:55
571,Sao Lourenco Do Sul,-31.37,-51.98,71.6,43,20,11.41,few clouds,BR,2020-11-01 20:15:55
572,Quebec,46.81,-71.21,46.99,66,100,8.05,overcast clouds,CA,2020-11-01 20:15:55
573,Nurota,40.56,65.69,42.8,26,99,4.7,overcast clouds,UZ,2020-11-01 20:15:55
574,Craig,40.52,-107.55,59.0,22,1,10.29,clear sky,US,2020-11-01 20:15:56
575,Minamata,32.22,130.4,64.63,93,100,5.17,heavy intensity rain,JP,2020-11-01 20:15:56
576,Ajdabiya,30.76,20.23,69.17,62,0,12.28,clear sky,LY,2020-11-01 20:15:56
577,Starobaltachevo,56.0,55.92,29.84,95,13,7.34,few clouds,RU,2020-11-01 20:15:56
578,The Valley,18.22,-63.06,86.0,66,20,18.34,few clouds,AI,2020-11-01 20:15:57
579,Altamont,42.21,-121.74,66.0,37,1,3.83,clear sky,US,2020-11-01 20:15:09
580,Tongren,27.72,109.19,55.17,80,100,3.4,overcast clouds,CN,2020-11-01 20:15:57
581,Canakkale,40.08,26.83,44.6,70,0,4.7,clear sky,TR,2020-11-01 20:15:57
582,Broken Hill,-31.95,141.43,59.0,62,0,6.93,clear sky,AU,2020-11-01 20:15:57
583,Mehran,33.12,46.16,59.0,24,0,6.93,clear sky,IR,2020-11-01 20:15:58
584,El Vigia,8.62,-71.65,87.51,58,52,2.68,light rain,VE,2020-11-01 20:15:58
585,Khem Karan,31.14,74.57,66.2,59,0,3.38,smoke,IN,2020-11-01 20:15:59
586,Kenora,49.82,-94.43,26.6,49,20,10.29,few clouds,CA,2020-11-01 20:15:59
587,Yendi,9.44,-0.01,82.78,38,0,0.74,clear sky,GH,2020-11-01 20:15:59
588,Oga,46.46,10.35,50.0,59,75,1.12,broken clouds,IT,2020-11-01 20:15:59
589,Klyuchi,52.27,79.17,35.33,84,90,8.79,overcast clouds,RU,2020-11-01 20:16:00
590,Vestmanna,62.16,-7.17,42.8,100,99,2.24,light rain,FO,2020-11-01 20:16:00
591,Enkoping,59.64,17.08,52.0,93,100,14.99,overcast clouds,SE,2020-11-01 20:16:00
592,Hualahuises,24.88,-99.67,79.36,31,0,10.89,clear sky,MX,2020-11-01 20:16:00
593,Gaimersheim,48.81,11.37,55.4,93,100,4.7,light rain,DE,2020-11-01 20:16:00
